score,label,segment
0.35367665723356584,1.0,2
0.2485580660782393,0.0,1
0.4159590873381714,1.0,2
0.15996757580999196,1.0,0
0.5502830780616322,0.0,3
0.11094528759339801,0.0,0
0.5098966417920571,0.0,3
0.17727037947274454,0.0,0
0.19829047191334442,0.0,1
0.37623678821354994,0.0,2
0.5434668040445325,0.0,3
0.08476376294265023,0.0,0
0.3579287927839609,0.0,2
0.2733207739503824,0.0,1
0.13437614109485027,0.0,0
0.35325485000480755,1.0,2
0.13279012143275798,0.0,0
0.32643436842516804,1.0,2
0.1658104012585459,0.0,0
0.207734214505591,0.0,1
0.26340848808284784,1.0,1
0.39001433036648914,1.0,2
0.15364547000727538,0.0,0
0.30550235119832064,1.0,1
0.203313881265596,0.0,1
0.18387687608823067,0.0,0
0.36782408723548077,0.0,2
0.20209676646387698,1.0,1
0.18633950452881945,0.0,0
0.2835202997539891,0.0,1
0.10039930306621214,0.0,0
0.20772938916523406,0.0,1
0.3096377073595142,0.0,1
0.0443858001226034,0.0,0
0.12457921344554526,0.0,0
0.21100332015818626,1.0,1
0.3581887554246956,0.0,2
0.6522422663601021,0.0,3
0.16226602605678067,0.0,0
0.0694242954698856,1.0,0
0.076848080809821,0.0,0
0.1744335165862888,0.0,0
0.5434537469656785,0.0,3
0.061653913446673224,0.0,0
0.23568650663126414,0.0,1
0.31329412667520323,0.0,1
0.15258331470398612,0.0,0
0.38688633601837824,0.0,2
0.4845897602554896,0.0,3
0.09593877797328496,0.0,0
0.3662241584833629,0.0,2
0.29837284269070247,0.0,1
0.2237663665214278,0.0,1
0.1642916485213648,1.0,0
0.46138582746288664,0.0,3
0.09832146075036968,0.0,0
0.179247512983417,0.0,0
0.34301873259799726,0.0,2
0.2746698380360602,0.0,1
0.4432945779277498,0.0,2
0.13272443189522465,1.0,0
0.4006430877209991,0.0,2
0.32259603850098684,1.0,2
0.2923618255131976,0.0,1
0.11357697325263676,0.0,0
0.34155895722546276,0.0,2
0.16999587395941756,0.0,0
0.8014732049023443,1.0,3
0.13177062408757453,1.0,0
0.12549965919150205,0.0,0
0.3370138954716539,0.0,2
0.03439862200520179,0.0,0
0.15937752033309405,0.0,0
0.2615158445906097,0.0,1
0.2491194021961276,0.0,1
0.0685869246308145,0.0,0
0.45950640724990544,1.0,3
0.5414781386117564,0.0,3
0.26059606181093153,0.0,1
0.06753590748378506,0.0,0
0.04676883497272682,0.0,0
0.12713147658095109,0.0,0
0.3265987258278122,0.0,2
0.11912486541113898,0.0,0
0.10776704550146234,1.0,0
0.32460102630740867,1.0,2
0.21935449118475614,0.0,1
0.30479223202169464,0.0,1
0.403730071467841,1.0,2
0.18412892169781056,0.0,0
0.23447365948588197,0.0,1
0.175068748991844,0.0,0
0.2673316734797696,0.0,1
0.238699744225137,0.0,1
0.32579561073076047,0.0,2
0.4434878606676832,0.0,2
0.3855671372233749,1.0,2
0.09615258168656671,0.0,0
0.2089847738799713,1.0,1
0.16619623428044838,0.0,0
0.22721487350505115,0.0,1
0.47592049646427265,1.0,3
0.11588479103164939,0.0,0
0.1718540724955221,0.0,0
0.24093580883068486,0.0,1
0.19658545353951162,1.0,1
0.15450740124203077,0.0,0
0.3024753876496196,1.0,1
0.2628503990216566,0.0,1
0.17838548982713634,0.0,0
0.07140336869412171,0.0,0
0.36804793518398216,0.0,2
0.16500239921085022,0.0,0
0.6463769483914986,1.0,3
0.5031230845032987,1.0,3
0.40864698504559716,1.0,2
0.3784719386186747,1.0,2
0.4808171104256128,1.0,3
0.45015277145501226,1.0,2
0.31485465592718676,0.0,1
0.3458306244455384,0.0,2
0.5386521682270735,1.0,3
0.30617217969438143,0.0,1
0.14558813424442504,0.0,0
0.4518857472364912,1.0,2
0.35993742481792457,0.0,2
0.06190643377169209,1.0,0
0.2328545928203029,1.0,1
0.19208246644942936,0.0,1
0.5199092769591175,0.0,3
0.22019437403991562,0.0,1
0.13772023575141254,1.0,0
0.47197128618272305,0.0,3
0.1588460545173127,0.0,0
0.059689475270839516,0.0,0
0.34081565965226834,0.0,2
0.30664861826340883,0.0,1
0.2789555071166884,1.0,1
0.3288097857207583,0.0,2
0.40649018963913885,0.0,2
0.32345967824352123,0.0,2
0.18134288505174043,0.0,0
0.11034442080402906,0.0,0
0.06261134174457317,0.0,0
0.3893738659278771,0.0,2
0.22081199239815466,0.0,1
0.17057746068742893,0.0,0
0.06763603384706811,0.0,0
0.20636937130196562,0.0,1
0.35879012288277545,0.0,2
0.316899984774653,0.0,2
0.1365637082251592,0.0,0
0.21708374305025172,0.0,1
0.1363792431986001,0.0,0
0.06373493040686784,0.0,0
0.5785716282335199,0.0,3
0.16737543318713216,1.0,0
0.485750585203021,1.0,3
0.2231288814404552,0.0,1
0.37344884728495387,1.0,2
0.38660756941930585,0.0,2
0.29103929254547434,0.0,1
0.3584957567261279,0.0,2
0.36884852544610003,1.0,2
0.43385584819172346,0.0,2
0.05932432661715326,0.0,0
0.15373830274583952,0.0,0
0.690927168796683,0.0,3
0.04927096831835294,0.0,0
0.18591584017139418,0.0,0
0.2715695031402613,0.0,1
0.3219105263709601,0.0,2
0.48209428949031524,1.0,3
0.319706275524256,0.0,2
0.4916099383257625,0.0,3
0.18417297086710416,0.0,0
0.029392249773945323,0.0,0
0.43832440071116074,0.0,2
0.22019917819165558,0.0,1
0.1272898020531447,0.0,0
0.5623099425360222,1.0,3
0.1351692568264888,0.0,0
0.18926525270317185,0.0,1
0.2788522124309327,1.0,1
0.2584988688589334,0.0,1
0.1713624183536284,0.0,0
0.3902904125361203,1.0,2
0.13884092876465817,0.0,0
0.4659217194194351,0.0,3
0.6157519764816631,1.0,3
0.3073799210471541,0.0,1
0.3116610941567272,0.0,1
0.1347012643177103,1.0,0
0.7239031844967967,0.0,3
0.11910027770778647,0.0,0
0.28538578892011157,0.0,1
0.514309690041867,0.0,3
0.15648979507517,0.0,0
0.26055752603134724,1.0,1
0.13981359053542353,0.0,0
0.388093991336372,0.0,2
0.4641645770320866,1.0,3
0.12845804774166797,1.0,0
0.0552063959733059,0.0,0
0.017279127080126834,0.0,0
0.15924986868506363,0.0,0
0.2667449952728772,0.0,1
0.529692033598347,0.0,3
0.3071017670062408,0.0,1
0.2504805636294226,0.0,1
0.40355832138751585,0.0,2
0.3696214928596068,1.0,2
0.22078097776764183,0.0,1
0.09074148599417395,0.0,0
0.42629856137072764,0.0,2
0.3076570372812911,0.0,1
0.08686886954251043,0.0,0
0.31988267906477214,0.0,2
0.17245945458117015,0.0,0
0.5236077465948994,1.0,3
0.14411306049989406,1.0,0
0.4369016405600799,0.0,2
0.5620366156958401,1.0,3
0.20388080864478686,0.0,1
0.26526006970231497,0.0,1
0.342996453032718,0.0,2
0.3081745146780117,0.0,1
0.07847640863395768,0.0,0
0.20417842853949858,1.0,1
0.46757480171249854,1.0,3
0.22444388214291414,0.0,1
0.5642742600782021,1.0,3
0.45836380319932735,0.0,3
0.22873235215695734,0.0,1
0.19416253232713945,0.0,1
0.11404878475035836,0.0,0
0.11886389807223895,0.0,0
0.22430032560849703,0.0,1
0.1748455929095408,0.0,0
0.23810184430754955,0.0,1
0.43794334939116214,1.0,2
0.3050820962749862,0.0,1
0.4110151238583872,1.0,2
0.23841138620236768,1.0,1
0.30555856203807996,1.0,1
0.22431198667381724,0.0,1
0.22830350418430012,0.0,1
0.601389322500987,1.0,3
0.1861016376343618,0.0,0
0.33223765339141825,1.0,2
0.1535906531023021,0.0,0
0.5895945688191788,1.0,3
0.13601113584966545,0.0,0
0.1452923245069306,0.0,0
0.4696325075583425,1.0,3
0.34705488787399064,0.0,2
0.2243778179558153,1.0,1
0.380680807328598,0.0,2
0.25273846971971753,1.0,1
0.19184179202086682,0.0,1
0.21777087913042306,0.0,1
0.5469541833338392,1.0,3
0.43202781936331336,0.0,2
0.337528941637207,1.0,2
0.2801225539599779,0.0,1
0.20469271636460634,0.0,1
0.19782889115756616,0.0,1
0.42009875160522375,0.0,2
0.0945684310647346,0.0,0
0.0683369109310005,0.0,0
0.37337115119161546,0.0,2
0.18149745939782988,0.0,0
0.4688203508208859,0.0,3
0.4418376196321603,0.0,2
0.27311956524215825,0.0,1
0.4417392325829916,0.0,2
0.45149946593464635,1.0,2
0.5143025110676812,0.0,3
0.19848042283768558,0.0,1
0.05624495924290872,0.0,0
0.013096916111202185,0.0,0
0.4422153449338335,1.0,2
0.2563288233480382,0.0,1
0.12008037150759632,0.0,0
0.2906548683413762,0.0,1
0.248426499061781,1.0,1
0.27311496256388507,1.0,1
0.23103274537339663,0.0,1
0.3977583849607771,1.0,2
0.12280995074610727,1.0,0
0.24431246570620366,1.0,1
0.16905503117317644,0.0,0
0.3630143517577401,0.0,2
0.15939157930324252,1.0,0
0.09801246109614241,0.0,0
0.32587444392919906,0.0,2
0.3065108052415546,0.0,1
0.07671218365016587,0.0,0
0.4728620841435421,1.0,3
0.31570110112731165,0.0,2
0.20630964194203893,1.0,1
0.03867293865424374,0.0,0
0.4168670056078366,0.0,2
0.30526408172006453,1.0,1
0.360409463644948,0.0,2
0.31965237212640535,0.0,2
0.06039203154803854,0.0,0
0.21767561927151582,0.0,1
0.4233910425225104,0.0,2
0.08575359616064851,1.0,0
0.24114210026316804,0.0,1
0.10682136950093098,0.0,0
0.39399743206671656,0.0,2
0.25572263337086576,0.0,1
0.3840811292272226,0.0,2
0.36614580595245383,0.0,2
0.5816434885743039,1.0,3
0.5621775612709531,1.0,3
0.08844444030069641,0.0,0
0.3446235300029249,0.0,2
0.6095654722173228,0.0,3
0.3141309765261968,1.0,1
0.6479463612947148,0.0,3
0.22650191954925245,0.0,1
0.4532267059451018,0.0,2
0.5996218506997747,0.0,3
0.13623186235398355,0.0,0
0.2361379497655822,1.0,1
0.6046614565204121,1.0,3
0.2920487185984639,1.0,1
0.4004222737895427,0.0,2
0.45077109441955576,0.0,2
0.18480186641013244,0.0,0
0.41019293380539773,0.0,2
0.34973434990572005,1.0,2
0.17561919698936396,0.0,0
0.2052622268743936,1.0,1
0.6085560017364287,1.0,3
0.14165877053537307,0.0,0
0.43593946275941003,1.0,2
0.3082365330185971,0.0,1
0.45500639880107346,1.0,3
0.42754908476185066,0.0,2
0.2781861683282088,0.0,1
0.18524055235766115,0.0,0
0.5553171992560851,1.0,3
0.5031820579410835,0.0,3
0.32184672035858475,1.0,2
0.2940375021670958,0.0,1
0.12544938510343312,0.0,0
0.44440125056011115,0.0,2
0.5757688148776429,0.0,3
0.12381086556612016,0.0,0
0.14174247492062755,0.0,0
0.18727519902269188,1.0,1
0.19126728643193613,0.0,1
0.2750086185191396,0.0,1
0.2594732652222252,1.0,1
0.11601733753096195,0.0,0
0.5878548997680135,1.0,3
0.14184427607987107,1.0,0
0.26709409153878366,0.0,1
0.16934940183695033,0.0,0
0.5051295998717548,1.0,3
0.21522630115591282,0.0,1
0.30267928438841163,0.0,1
0.6043368946581595,1.0,3
0.22644282471136645,0.0,1
0.33001023491704745,1.0,2
0.15526763571837746,0.0,0
0.2640383541633144,0.0,1
0.3870555710169233,0.0,2
0.12195815794277094,1.0,0
0.23073436812794024,0.0,1
0.33743284497625053,0.0,2
0.07241046297913235,0.0,0
0.37822073548513974,0.0,2
0.3194343997975769,0.0,2
0.19725972017809695,1.0,1
0.28717210051402103,0.0,1
0.6008221918617068,1.0,3
0.09712260572285623,0.0,0
0.2750073539162113,0.0,1
0.5045933992123101,1.0,3
0.15951835961325392,0.0,0
0.21444346597451258,0.0,1
0.46315732764973994,1.0,3
0.27810240669822206,0.0,1
0.185040538482732,0.0,0
0.11455555890742458,0.0,0
0.4228950555098883,1.0,2
0.6440679634524121,1.0,3
0.3083255266751108,0.0,1
0.4105774245043222,1.0,2
0.19605420588440753,1.0,1
0.13887477350878247,1.0,0
0.09852676123919558,0.0,0
0.36726113123900356,0.0,2
0.5073793345737749,1.0,3
0.2364619685412546,0.0,1
0.4056361401586,0.0,2
0.26490977098893786,0.0,1
0.3808117943964557,0.0,2
0.22533174704489528,0.0,1
0.04515369517060627,0.0,0
0.16436603283956178,0.0,0
0.19143069972773935,0.0,1
0.2616461141449531,0.0,1
0.35639372193893865,0.0,2
0.08073936672491931,1.0,0
0.10845747547886783,0.0,0
0.24552664654232526,0.0,1
0.5453972463065507,1.0,3
0.3355411391283527,0.0,2
0.11193257488627385,0.0,0
0.07861861954219991,0.0,0
0.22324955997792298,0.0,1
0.23934489305310983,0.0,1
0.4691650839986767,1.0,3
0.10930101287827769,1.0,0
0.350841738423868,1.0,2
0.11473327681688954,1.0,0
0.5209560844968074,1.0,3
0.46291911654104495,1.0,3
0.4458084306295856,0.0,2
0.45074564735850964,0.0,2
0.207768701685737,1.0,1
0.5530846398930729,1.0,3
0.2414057853315312,0.0,1
0.35219914462398455,0.0,2
0.5623335554103934,1.0,3
0.066028107172517,0.0,0
0.47801036279397796,0.0,3
0.36195574219105253,0.0,2
0.4016190764260652,1.0,2
0.14476908879022118,0.0,0
0.14853618339714061,0.0,0
0.2673122822770018,0.0,1
0.2665058948831771,0.0,1
0.2016844401116823,1.0,1
0.5191348577625704,0.0,3
0.012576968831467986,0.0,0
0.23005953211192406,0.0,1
0.08916247674529962,0.0,0
0.5437183231209585,1.0,3
0.3380641675028336,0.0,2
0.22099377678765253,0.0,1
0.12232166966906016,0.0,0
0.32715774615691906,1.0,2
0.09997482682028871,0.0,0
0.33759203987394115,1.0,2
0.5828544730774738,1.0,3
0.5490326088038333,0.0,3
0.1444002153105774,0.0,0
0.5397886850088234,0.0,3
0.049103914238015904,0.0,0
0.2269298672078842,1.0,1
0.1507116244682386,0.0,0
0.0397742668078514,0.0,0
0.41995867755191874,1.0,2
0.4703209324057288,0.0,3
0.45932256242566094,1.0,3
0.2928697416440324,0.0,1
0.3253208111970423,0.0,2
0.608299740483025,0.0,3
0.227995917813659,0.0,1
0.3285833899501695,0.0,2
0.188908839828141,0.0,1
0.4759491652842039,1.0,3
0.46195246754850827,1.0,3
0.33552196724204514,0.0,2
0.2913305263540643,0.0,1
0.3010360813901332,0.0,1
0.32719066890772697,0.0,2
0.06764099286707154,0.0,0
0.33280396452018296,0.0,2
0.5689403837780267,1.0,3
0.16873682327409087,0.0,0
0.32347850774297826,1.0,2
0.25951423642259236,0.0,1
0.21073410761815942,1.0,1
0.44543893158488235,0.0,2
0.19252517781702655,0.0,1
0.4215730229751968,1.0,2
0.3147556062634345,0.0,1
0.08917514806890406,1.0,0
0.18139749745536848,0.0,0
0.2888520759798477,1.0,1
0.19122046404901066,0.0,1
0.25463202598101103,0.0,1
0.26260915795931455,0.0,1
0.1868577020761625,1.0,1
0.1235656832485277,0.0,0
0.3590902667010948,0.0,2
0.007247912732123117,0.0,0
0.22541229173963975,0.0,1
0.3682584032090778,0.0,2
0.47005375734757493,1.0,3
0.23340795938545686,0.0,1
0.604550623924786,1.0,3
0.11161825582150756,0.0,0
0.29180063638815756,1.0,1
0.24367885033200437,0.0,1
0.09117290073823889,0.0,0
0.34238261216894417,0.0,2
0.2613583638874165,1.0,1
0.10545421749979744,0.0,0
0.33941958951777684,0.0,2
0.06674404650508572,0.0,0
0.39484478584956023,1.0,2
0.17015973446901886,0.0,0
0.6912093386389426,1.0,3
0.17016504307163668,0.0,0
0.25965807209419905,0.0,1
0.34085924943352575,1.0,2
0.1936145912070428,0.0,1
0.4421189571746821,0.0,2
0.2918146343826823,0.0,1
0.0431616328618451,0.0,0
0.08526285170391149,0.0,0
0.47376583548934953,1.0,3
0.2739533039710695,1.0,1
0.23739520744884943,0.0,1
0.2670788820929144,0.0,1
0.1034879707346583,0.0,0
0.22795113216234186,1.0,1
0.2627333305254055,0.0,1
0.6891140409001313,1.0,3
0.2505649400674639,0.0,1
0.24464969297662237,1.0,1
0.2767384149382149,0.0,1
0.27220512050485735,0.0,1
0.22994845690931623,0.0,1
0.42570532098434083,0.0,2
0.22271118741639412,0.0,1
0.4773689304451496,1.0,3
0.23101298651698982,0.0,1
0.43144353619464987,0.0,2
0.38687976021019077,0.0,2
0.20867813507832503,0.0,1
0.09002499819996725,0.0,0
0.6038569167009646,0.0,3
0.22652332523012098,0.0,1
0.3042970610133372,0.0,1
0.16462586137498683,0.0,0
0.1823972362349482,0.0,0
0.4766491048877699,0.0,3
0.5264086385938195,0.0,3
0.36092031234155697,0.0,2
0.2509553296201303,1.0,1
0.3835316726535463,0.0,2
0.19591171866205373,0.0,1
0.2976150813463317,0.0,1
0.13237350274514814,0.0,0
0.12631168044090502,1.0,0
0.35476652265808534,0.0,2
0.3219807096428471,0.0,2
0.310809260614259,0.0,1
0.22661352635262422,1.0,1
0.3116613226660596,0.0,1
0.17217359051439798,0.0,0
0.041466975212824844,0.0,0
0.2761974130074415,0.0,1
0.09425356031693806,0.0,0
0.4118445340829866,1.0,2
0.5157009792685964,1.0,3
0.6342283268293691,1.0,3
0.27170217319000567,0.0,1
0.16115555595365097,0.0,0
0.3019616530585536,0.0,1
0.24747616586330073,0.0,1
0.2773672197869529,0.0,1
0.47222499596045936,1.0,3
0.21903951367592533,0.0,1
0.25130404126245265,0.0,1
0.13449891422559376,0.0,0
0.2575375190463321,1.0,1
0.5758311543371692,1.0,3
0.17478898807467766,1.0,0
0.4404393990716352,0.0,2
0.23996872315505707,0.0,1
0.4457504855829945,0.0,2
0.41814573239418396,0.0,2
0.12477872464880943,0.0,0
0.4135696874278296,0.0,2
0.08552216071945434,1.0,0
0.10238495285184403,0.0,0
0.22850508874050057,0.0,1
0.5466614162505907,1.0,3
0.35108503224370974,1.0,2
0.13941057604626686,0.0,0
0.05369951548994858,0.0,0
0.3806987361056626,1.0,2
0.2794224044294483,0.0,1
0.3066911814390244,0.0,1
0.34303308364673246,1.0,2
0.47611454437072104,1.0,3
0.2554704259647891,0.0,1
0.5012006017832084,1.0,3
0.15400666296079904,1.0,0
0.06323234040516468,0.0,0
0.44834545888275384,0.0,2
0.10997586339778063,0.0,0
0.29980310270744265,1.0,1
0.5363077304756033,1.0,3
0.06705426999363957,0.0,0
0.3373425781481131,1.0,2
0.06163751556213369,0.0,0
0.2669105924136806,0.0,1
0.014681933127792124,0.0,0
0.09291290127017372,0.0,0
0.16208459011388984,0.0,0
0.05558771864927384,0.0,0
0.3628731421368042,1.0,2
0.32618555306964203,0.0,2
0.5516768599767246,0.0,3
0.10991865606237472,0.0,0
0.21718481039517945,1.0,1
0.07822097883115157,0.0,0
0.1767688055025618,0.0,0
0.5954379734962468,1.0,3
0.39717268660938093,0.0,2
0.1055672064555032,0.0,0
0.031185910555505757,0.0,0
0.027957961979081927,0.0,0
0.36797659433535934,0.0,2
0.159129571300425,0.0,0
0.7380869638355531,1.0,3
0.24369917696780016,0.0,1
0.17097774059130702,0.0,0
0.08072398199878913,0.0,0
0.4477791997522805,0.0,2
0.19735165471552502,0.0,1
0.26147296955370153,0.0,1
0.2791904822094437,1.0,1
0.24924642287697085,1.0,1
0.38880045320267814,0.0,2
0.08983097773481848,1.0,0
0.2393537041475697,0.0,1
0.20045204994057464,0.0,1
0.40099694375353145,1.0,2
0.4674355152035755,1.0,3
0.12791579245418194,0.0,0
0.40373494198452503,0.0,2
0.08948655761560051,0.0,0
0.24781566399063273,0.0,1
0.26449203451846,0.0,1
0.4549932251283338,0.0,3
0.38950793387251037,0.0,2
0.09718177285658083,0.0,0
0.3828986050331805,1.0,2
0.297838427885603,0.0,1
0.5903979088514874,1.0,3
0.17609833187507087,0.0,0
0.2144134952920709,0.0,1
0.6204682337798468,0.0,3
0.48723314496000425,0.0,3
0.09620692451496077,0.0,0
0.24965580347196684,1.0,1
0.34123779909224605,0.0,2
0.4009150563139554,1.0,2
0.11793590761943248,0.0,0
0.5572754113921149,0.0,3
0.06294278801876782,0.0,0
0.12295220654768162,0.0,0
0.5302969759506505,1.0,3
0.2709993961105075,0.0,1
0.27708902751884185,0.0,1
0.301184192228817,0.0,1
0.14014940155761468,0.0,0
0.07373378490111673,0.0,0
0.32915651051709327,1.0,2
0.359768584824016,0.0,2
0.30977747327024047,0.0,1
0.18035041428788406,0.0,0
0.11049325801614986,0.0,0
0.2268526189451653,0.0,1
0.6389059701703222,0.0,3
0.24313915351568324,0.0,1
0.21596804604807857,0.0,1
0.24855717435847977,1.0,1
0.23747045971287373,0.0,1
0.5319284493276698,1.0,3
0.39043892434622446,1.0,2
0.16973758904288572,0.0,0
0.204026175015018,0.0,1
0.25492632671059895,0.0,1
0.28906082696293733,0.0,1
0.14078969013769074,0.0,0
0.18846863488275697,0.0,1
0.5651992012277928,1.0,3
0.5441384134079766,0.0,3
0.20749581324893812,1.0,1
0.1937947313120766,0.0,1
0.39173659785710696,0.0,2
0.0549042835324885,0.0,0
0.513200034727355,0.0,3
0.16801384883050952,0.0,0
0.34984513829632496,0.0,2
0.06470899156806993,0.0,0
0.3992098512519557,1.0,2
0.3602074853627584,0.0,2
0.3368158164406375,0.0,2
0.12566751557557146,0.0,0
0.18674564305294103,1.0,1
0.3090542956810058,0.0,1
0.16110471655100672,0.0,0
0.15601939383489905,1.0,0
0.4891720840330514,0.0,3
0.0405952160464261,0.0,0
0.5013100171730703,0.0,3
0.125480123667906,0.0,0
0.37832624698778555,0.0,2
0.32221290371486117,1.0,2
0.12136225357209524,0.0,0
0.16476671994108208,0.0,0
0.42106902306580285,0.0,2
0.22306564310409913,1.0,1
0.7475416808203147,1.0,3
0.17653263115212867,0.0,0
0.16939987569774237,0.0,0
0.10123676310915995,0.0,0
0.15521976788527783,0.0,0
0.2516719879928031,1.0,1
0.6988438963940432,1.0,3
0.16287619472878653,0.0,0
0.03586107451957101,0.0,0
0.18689261626561332,0.0,1
0.28021975907890234,0.0,1
0.5039853388745347,0.0,3
0.2905356993774629,0.0,1
0.21370325400439458,0.0,1
0.17420404077010232,1.0,0
0.39919600736253635,0.0,2
0.2659319496638474,0.0,1
0.4020401338219225,0.0,2
0.1054043592980552,0.0,0
0.18962207868009487,0.0,1
0.3548328182831716,0.0,2
0.07851743073924757,0.0,0
0.12350488995470801,0.0,0
0.24137784545030638,0.0,1
0.4688543103047804,0.0,3
0.5491671814360513,1.0,3
0.13208665662881736,0.0,0
0.29893631402013454,0.0,1
0.5146805029932751,0.0,3
0.40089713682600786,1.0,2
0.2842255949831302,1.0,1
0.31754411011338207,0.0,2
0.13848346987034896,0.0,0
0.20097123645401038,0.0,1
0.24188964316220724,0.0,1
0.2295611941890383,0.0,1
0.2156860757163646,0.0,1
0.12310958018220286,1.0,0
0.5160624858560737,1.0,3
0.2623139249573352,1.0,1
0.2309942687514944,0.0,1
0.09595128593448145,0.0,0
0.340353357371217,1.0,2
0.15694670027434335,0.0,0
0.1620025771710848,0.0,0
0.19459935313145535,0.0,1
0.3889033363849212,1.0,2
0.3240072686151163,1.0,2
0.05696068686177275,1.0,0
0.5068443274386882,1.0,3
0.30439250526781686,1.0,1
0.2972452247392276,0.0,1
0.1367056096153261,0.0,0
0.44914011712217095,0.0,2
0.25181479605739426,0.0,1
0.16951392607312646,1.0,0
0.08014649270573643,0.0,0
0.23253705235538352,0.0,1
0.4841625365767797,0.0,3
0.1693257626556566,0.0,0
0.07477892700140167,0.0,0
0.18524232349219433,1.0,0
0.16796351370450527,0.0,0
0.2763354949660545,1.0,1
0.13097855154707988,0.0,0
0.1542500262093677,1.0,0
0.08993538353011882,0.0,0
0.3465590425511273,0.0,2
0.16499025374641893,0.0,0
0.1454381844637113,0.0,0
0.451163889216197,0.0,2
0.5292063498589319,1.0,3
0.37717719713879494,1.0,2
0.49771530922633084,0.0,3
0.42318456662924475,1.0,2
0.21733647489695554,0.0,1
0.10549743468741869,0.0,0
0.17711581607683305,0.0,0
0.15601042342477014,0.0,0
0.3583027272484148,0.0,2
0.2382117203777517,0.0,1
0.04443763713492062,0.0,0
0.17743415640634938,0.0,0
0.08105034586883751,0.0,0
0.23325972978998843,1.0,1
0.4563029734443914,1.0,3
0.11099512270858747,0.0,0
0.524107383079782,0.0,3
0.2494485341513156,0.0,1
0.35765966969172464,1.0,2
0.1411241998676989,0.0,0
0.25621935561558057,0.0,1
0.5239791499617252,1.0,3
0.4819498063691885,0.0,3
0.2639644320402215,0.0,1
0.22351415888456408,0.0,1
0.27642704708167387,0.0,1
0.32112925534140707,1.0,2
0.557406885681536,0.0,3
0.16218908617481992,1.0,0
0.15480747939205203,1.0,0
0.20960392282734935,0.0,1
0.10686653718771086,0.0,0
0.36441921405229005,1.0,2
0.06985421523280302,0.0,0
0.5752524381494896,1.0,3
0.28165155884564697,0.0,1
0.37944115369394515,0.0,2
0.045659631002925305,0.0,0
0.3907392159198113,0.0,2
0.32590294062100394,0.0,2
0.3450841502829877,0.0,2
0.23701367390107056,0.0,1
0.4243518655493258,0.0,2
0.12881200099088816,0.0,0
0.3299114686361586,0.0,2
0.06675553056618239,0.0,0
0.10571078303232644,0.0,0
0.5357995621053333,1.0,3
0.15957134377575063,0.0,0
0.12287989871766325,0.0,0
0.30995644773932673,0.0,1
0.5006741240171694,1.0,3
0.19253338124350866,0.0,1
0.6798139772747849,1.0,3
0.16580692395614124,0.0,0
0.44532573170634104,0.0,2
0.28710346659034747,0.0,1
0.20515210248463084,0.0,1
0.3569482999794101,1.0,2
0.08720531597496316,0.0,0
0.23791157291652001,0.0,1
0.2125906368597829,1.0,1
0.3380474712276761,0.0,2
0.29052756084271986,0.0,1
0.3479181328972756,0.0,2
0.42219960770511694,1.0,2
0.24249642318363557,0.0,1
0.3024763373927353,0.0,1
0.5685546252018754,0.0,3
0.29393240112032726,0.0,1
0.23718069472344744,0.0,1
0.4348483136027772,0.0,2
0.24766475341982122,0.0,1
0.5915252921662858,1.0,3
0.49414273786873564,1.0,3
0.19275092244199293,1.0,1
0.21570858057122805,0.0,1
0.4548274324248505,1.0,3
0.43203347294911104,1.0,2
0.4727380263938699,1.0,3
0.2538973946761992,1.0,1
0.28572136176326274,0.0,1
0.2317922806044498,1.0,1
0.23320414628000993,0.0,1
0.16973032592208812,1.0,0
0.49151217411248727,0.0,3
0.33195877515080124,0.0,2
0.34270313402458813,0.0,2
0.47320746037150585,0.0,3
0.057826174727944005,1.0,0
0.3342823374545915,0.0,2
0.5055663733930453,0.0,3
0.10926771693672341,0.0,0
0.47637186210417104,0.0,3
0.3351520189164386,0.0,2
0.31131126560378347,0.0,1
0.31565145210422435,1.0,2
0.13425930596426694,0.0,0
0.04261251654027319,0.0,0
0.44024925150934274,0.0,2
0.1195934956640864,0.0,0
0.2000779313230957,0.0,1
0.7007817975708072,1.0,3
0.2817555447671213,0.0,1
0.34926511547555156,0.0,2
0.18348662812958907,0.0,0
0.5023166737897836,1.0,3
0.06245007841002178,0.0,0
0.4354437700393007,0.0,2
0.0920630148030118,0.0,0
0.6257518883853295,1.0,3
0.37700811694720254,0.0,2
0.1271719790497805,0.0,0
0.27435287356315835,0.0,1
0.38256661568693123,0.0,2
0.17843961982715925,0.0,0
0.2162905367743838,0.0,1
0.5209740341645329,0.0,3
0.279074004926693,0.0,1
0.48498879957497276,1.0,3
0.3481128642195799,1.0,2
0.37769730827879666,0.0,2
0.45526763848906865,1.0,3
0.564636774420852,1.0,3
0.13525495524082082,0.0,0
0.41890629703440113,0.0,2
0.6277239733678208,0.0,3
0.42330626189328024,0.0,2
0.3242865327317485,0.0,2
0.5237323534287259,0.0,3
0.6843643932117193,0.0,3
0.35926527588984386,0.0,2
0.3939614324212918,1.0,2
0.3799956547644613,0.0,2
0.08417433653931046,0.0,0
0.43722711473977127,1.0,2
0.09410779357588527,0.0,0
0.3982612864989766,1.0,2
0.07765506645751091,0.0,0
0.12821245493162958,0.0,0
0.21425064305656616,0.0,1
0.18980885239554654,0.0,1
0.449549690409468,0.0,2
0.23408313613509113,1.0,1
0.10047468691113758,0.0,0
0.1752910699720822,0.0,0
0.31120624590899987,0.0,1
0.30725814341699853,0.0,1
0.31622983906163077,1.0,2
0.4493230296578294,1.0,2
0.4992607592612914,1.0,3
0.37973287476095796,1.0,2
0.25879512048478875,0.0,1
0.21720650202910807,0.0,1
0.6337271424536701,1.0,3
0.3024225452045582,0.0,1
0.35324383153672906,0.0,2
0.19600880118123296,0.0,1
0.19460414633823603,1.0,1
0.12016596269169015,0.0,0
0.2881738348704263,0.0,1
0.19451076843381124,0.0,1
0.22190174670034968,0.0,1
0.49244241405815076,0.0,3
0.08506599782258312,0.0,0
0.17078468035505964,0.0,0
0.3275299415979275,0.0,2
0.3146017534698956,0.0,1
0.5591300431761457,1.0,3
0.05690746574113332,0.0,0
0.5215862971395819,1.0,3
0.11091117446247269,0.0,0
0.22652284530795472,0.0,1
0.08232379528839835,0.0,0
0.02033762111179792,0.0,0
0.515099224706211,1.0,3
0.1524295832997067,0.0,0
0.401561690342304,1.0,2
0.1934741652155991,0.0,1
0.5676055160091945,1.0,3
0.207457529958512,0.0,1
0.24303279275432918,0.0,1
0.16867962259904035,0.0,0
0.11978721348434995,1.0,0
0.4281637369757693,0.0,2
0.2805328520070296,0.0,1
0.025530459181464824,0.0,0
0.5758838933798938,0.0,3
0.24667491342653283,0.0,1
0.12659141193795395,0.0,0
0.07690526282307505,0.0,0
0.13178659947560378,0.0,0
0.34235225040309447,0.0,2
0.4422870444385288,1.0,2
0.22902080143355766,1.0,1
0.8133424050014515,1.0,3
0.20792342426577648,0.0,1
0.26083444259376065,0.0,1
0.10952628416623476,0.0,0
0.25085125200039493,1.0,1
0.46152626905013167,0.0,3
0.6224521206393593,0.0,3
0.3984798933684013,1.0,2
0.058734322284688646,0.0,0
0.09968586243360074,0.0,0
0.05874538677015844,0.0,0
0.14049481279644285,0.0,0
0.18135617969878268,0.0,0
0.12077322769540527,0.0,0
0.3803905055871858,0.0,2
0.11550874706878707,0.0,0
0.3442408863859198,1.0,2
0.4240345061051237,1.0,2
0.22282399733200586,0.0,1
0.49661588793271977,1.0,3
0.3672419812866422,1.0,2
0.1766046090707247,0.0,0
0.25806347299908466,0.0,1
0.18946469672779903,0.0,1
0.41553989542792674,0.0,2
0.3736665773648109,0.0,2
0.31574326822413956,0.0,2
0.08399329541065491,0.0,0
0.17040026056912042,0.0,0
0.1477675605532415,1.0,0
0.039946971742571044,0.0,0
0.10329415178606531,0.0,0
0.10515294927659564,0.0,0
0.22786647909438923,0.0,1
0.40368453719585895,0.0,2
0.18541250912330293,1.0,0
0.23563203212078124,0.0,1
0.23568719520267642,0.0,1
0.2556894500410284,1.0,1
0.27731658935159587,1.0,1
0.4929038584246122,0.0,3
0.22461636012846697,0.0,1
0.4978941595164927,0.0,3
0.2708167713466874,0.0,1
0.2447966527292512,0.0,1
0.7069398340941843,1.0,3
0.4405181037535751,1.0,2
0.04283204593560013,0.0,0
0.3382887652701045,0.0,2
0.1093125928188253,0.0,0
0.2790779756873904,0.0,1
0.12319567633573482,0.0,0
0.31085490028701984,1.0,1
0.5807638662086987,1.0,3
0.3520188680892029,0.0,2
0.21162448830095731,0.0,1
0.19060156650468274,1.0,1
0.5287406174504465,0.0,3
0.3441654266410305,1.0,2
0.509483025220101,0.0,3
0.3888300984943921,0.0,2
0.24862235523960224,0.0,1
0.32585022418213927,1.0,2
0.6161490898475421,1.0,3
0.2637367830498125,0.0,1
0.18218694455348772,1.0,0
0.171892970512924,0.0,0
0.39670589681207996,1.0,2
0.2024517443898647,1.0,1
0.22863765281597825,1.0,1
0.46349070456281477,0.0,3
0.10118673151915425,0.0,0
0.2799184058289093,1.0,1
0.4914679824608622,0.0,3
0.31599410767455666,0.0,2
0.2817194221228608,0.0,1
0.3774191190742991,1.0,2
0.3231700330669986,0.0,2
0.2453787438648542,0.0,1
0.05079942872190077,0.0,0
0.3893073782684028,0.0,2
0.09094489894008022,0.0,0
0.40660733444171865,0.0,2
0.04913317291823275,0.0,0
0.13406080555620095,0.0,0
0.3113574232014944,0.0,1
0.23475450753864355,0.0,1
0.20655144744303597,0.0,1
0.6816552682617121,1.0,3
0.4125868136483029,0.0,2
0.053121042959720026,0.0,0
0.49061904250908245,0.0,3
0.4547962996448925,1.0,3
0.36081494259459335,1.0,2
0.18806662822322226,0.0,1
0.396148132078496,1.0,2
0.2841761625924747,0.0,1
0.4365609916533659,0.0,2
0.14190926688076597,0.0,0
0.17512991611967793,0.0,0
0.10939522362794184,0.0,0
0.15094659543979538,0.0,0
0.19977115884535762,0.0,1
0.32373719499724907,1.0,2
0.15229284112134703,0.0,0
0.27150653100697675,1.0,1
0.48509930163334536,1.0,3
0.35969416552293865,1.0,2
0.19668016242726186,0.0,1
0.015531497830961472,0.0,0
0.2799801593212404,1.0,1
0.18606212320601692,0.0,0
0.11690970530073955,0.0,0
0.28672806899006137,1.0,1
0.4524646695830735,0.0,2
0.17178147128900662,0.0,0
0.4198229253993504,1.0,2
0.23346542109232404,0.0,1
0.3430824449809528,0.0,2
0.4799059691988199,1.0,3
0.015933791449791294,0.0,0
0.35244812387156554,0.0,2
0.6577252418827442,0.0,3
0.5379363637806488,1.0,3
0.12275555219550162,0.0,0
0.3162967511292953,0.0,2
0.7182985797189214,1.0,3
0.2096374939492888,0.0,1
0.47984139810788023,0.0,3
0.30096354758337374,1.0,1
0.21998463055148423,0.0,1
0.47774106931540994,1.0,3
0.4771332841901341,1.0,3
0.13018424985566324,0.0,0
0.5303993887030928,1.0,3
0.0053680844501438315,0.0,0
0.2142283776069361,0.0,1
0.29078800334020394,1.0,1
0.21064687555536693,0.0,1
0.2798311894927176,0.0,1
0.18351478160566112,0.0,0
0.26322314115715506,0.0,1
0.42006642843461356,1.0,2
0.27754244114871157,0.0,1
0.6236265478175447,1.0,3
0.2746747326009883,0.0,1
0.23117562051690402,0.0,1
0.7501009462025124,0.0,3
0.48770314027533535,1.0,3
0.38579893959303424,1.0,2
0.06754745429414084,0.0,0
0.5795435339820293,1.0,3
0.4220781732681007,0.0,2
0.1076063974617847,0.0,0
0.3737010222714219,0.0,2
0.13742430887514978,1.0,0
0.5327875402080797,1.0,3
0.5502437465751491,0.0,3
0.45279732056725525,0.0,2
0.18582648585372022,0.0,0
0.43911412045465,0.0,2
0.08755286918647076,0.0,0
0.30255530983062434,1.0,1
0.22692574261383391,0.0,1
0.22079468487527212,0.0,1
0.0932182061227306,0.0,0
0.29187932762260266,1.0,1
0.12935005514766454,0.0,0
0.19306595004172766,0.0,1
0.3841686148129106,0.0,2
0.2900182703688738,0.0,1
0.19685360478657662,0.0,1
0.1316670998839262,0.0,0
0.34576405728229137,1.0,2
0.35987407068966043,0.0,2
0.16974687545557585,0.0,0
0.20723311870103758,0.0,1
0.2979050442506653,1.0,1
0.12899233875418872,0.0,0
0.3257121702747576,0.0,2
0.11183973069886616,0.0,0
0.14440003664758458,0.0,0
0.007274704741306602,0.0,0
0.13863910240454763,0.0,0
0.0468492653975621,0.0,0
0.20079260746707878,0.0,1
0.17154965153338303,0.0,0
0.05177184339479075,1.0,0
0.27036668637481137,1.0,1
0.5279243840181365,1.0,3
0.6678969467219104,1.0,3
0.06144969359913295,0.0,0
0.3090567782564249,0.0,1
0.3527065663574891,0.0,2
0.40359326057619216,0.0,2
0.21443261539524658,0.0,1
0.34084369794317704,1.0,2
0.41236108761951057,0.0,2
0.5724359543433041,1.0,3
0.2929788735913856,0.0,1
0.03928016313148428,0.0,0
0.22325775316575855,0.0,1
0.3399068359357701,0.0,2
0.18368118718776022,0.0,0
0.3885662769655529,1.0,2
0.08462733526759525,0.0,0
0.6434052833138456,1.0,3
0.17970506049704416,0.0,0
0.0990454947431122,0.0,0
0.1320147770620504,0.0,0
0.4865241768823066,0.0,3
0.14214708714319613,0.0,0
0.3203225821877145,0.0,2
0.5834896095027,1.0,3
0.12776866366844378,0.0,0
0.5111639862554721,0.0,3
0.40875435210312244,1.0,2
0.04062935717394039,0.0,0
0.43840097094062275,1.0,2
0.44352682389611603,1.0,2
0.035930195465749236,0.0,0
0.25996915860043185,0.0,1
0.2884957018176471,1.0,1
0.20906870283677964,0.0,1
0.18510293303371547,0.0,0
0.07187748488844417,0.0,0
0.34772456456415163,0.0,2
0.009063576455491072,0.0,0
0.2707572855994038,1.0,1
0.2061700110820898,0.0,1
0.23538928965900957,0.0,1
0.37027859563450843,1.0,2
0.20744051778707873,0.0,1
0.33200075489313624,0.0,2
0.24355644163812606,0.0,1
0.18292874408417037,0.0,0
0.26544838867192205,0.0,1
0.3712972710645472,0.0,2
0.3393430997282359,0.0,2
0.01610866484751807,0.0,0
0.3700401819965376,1.0,2
0.3093305217887315,0.0,1
0.034376929980175934,0.0,0
0.4080696401915166,0.0,2
0.28691050458305856,0.0,1
0.6273568756267822,0.0,3
0.13000318586576287,0.0,0
0.36834962922318115,0.0,2
0.20681781732201704,0.0,1
0.5017603426553671,1.0,3
0.25704534872496765,1.0,1
0.6041340990775811,0.0,3
0.07846811578243269,0.0,0
0.29559458383927883,0.0,1
0.36847770164693944,0.0,2
0.39310715634519816,0.0,2
0.529186384271065,0.0,3
0.30996582592299404,0.0,1
0.0567761306426929,1.0,0
0.15550031250253407,0.0,0
0.0949941831727461,0.0,0
0.6594625321905624,1.0,3
0.23492957049674604,0.0,1
0.2024783509487901,0.0,1
0.34119850118462985,1.0,2
0.3712930873250693,1.0,2
0.2579043518687058,1.0,1
0.32843642335088175,1.0,2
0.4197319573933808,0.0,2
0.13084133584036514,0.0,0
0.32750574850149805,1.0,2
0.3090666018759184,0.0,1
0.4432956418443808,0.0,2
0.45195397183953334,1.0,2
0.17662501625710236,0.0,0
0.06628959192412616,0.0,0
0.2660565893616861,1.0,1
0.350135842218205,1.0,2
0.5160959312188699,0.0,3
0.1097055673936324,0.0,0
0.06263991629038376,0.0,0
0.13255741096760387,1.0,0
0.05832776626883096,0.0,0
0.32540251244543544,0.0,2
0.28860452011995313,1.0,1
0.35318268862041563,0.0,2
0.13398942398866828,0.0,0
0.4067854267970843,1.0,2
0.15629445451515767,0.0,0
0.29695838258246554,0.0,1
0.6434014985611503,1.0,3
0.14212150321881287,0.0,0
0.16699735743790217,1.0,0
0.12969655149386994,0.0,0
0.1782872715496214,1.0,0
0.1707652951825317,1.0,0
0.18526477559652793,0.0,0
0.21893111788688133,0.0,1
0.3382750971926416,0.0,2
0.4604493989406266,1.0,3
0.30110227435041076,1.0,1
0.24097964885512327,0.0,1
0.041859411542165034,0.0,0
0.649237693775418,1.0,3
0.2810720906179367,0.0,1
0.29134280698889403,0.0,1
0.5462926117906662,0.0,3
0.18968961415942878,0.0,1
0.2485969038960578,0.0,1
0.4392210898888791,0.0,2
0.46360692555333594,1.0,3
0.2672577269945208,0.0,1
0.2819303733536357,0.0,1
0.5692730228078995,0.0,3
0.2236700886792262,0.0,1
0.23061271313703677,0.0,1
0.3531544202561912,0.0,2
0.23214236376262243,0.0,1
0.23843899928388845,0.0,1
0.36526332118874694,0.0,2
0.4133211757037022,1.0,2
0.1412777499469272,0.0,0
0.2789410612672031,1.0,1
0.4770180100982217,0.0,3
0.361797462056256,0.0,2
0.2961979733556478,0.0,1
0.3462252555015791,0.0,2
0.10846004019288348,0.0,0
0.22690828159919452,1.0,1
0.15051581206901055,0.0,0
0.29450633404439086,0.0,1
0.5362160322633829,1.0,3
0.13751560636675203,0.0,0
0.26431929318681086,0.0,1
0.16674076091080736,0.0,0
0.12875606452853877,0.0,0
0.3268563949085386,0.0,2
0.11576307637312196,0.0,0
0.3384170503055753,0.0,2
0.3598383820137326,0.0,2
0.17378302708345014,0.0,0
0.2783028816737725,1.0,1
0.6741949637316157,1.0,3
0.0363521567719536,0.0,0
0.22449436638611184,0.0,1
0.5983467250653779,0.0,3
0.34663607642548144,0.0,2
0.4031675737816288,1.0,2
0.5280499551515648,1.0,3
0.4599431294093182,0.0,3
0.3354609478388799,1.0,2
0.3901195855163728,0.0,2
0.14652283416598802,0.0,0
0.23358324898373145,0.0,1
0.5355852061194166,1.0,3
0.5458906890817872,1.0,3
0.29324689662939285,1.0,1
0.2606005376897788,1.0,1
0.14618807443405762,0.0,0
0.38358291962866264,1.0,2
0.03720628790873445,0.0,0
0.15265935678690293,0.0,0
0.32909401726592674,1.0,2
0.30340905103521687,1.0,1
0.2662427753170681,1.0,1
0.23935286409338105,1.0,1
0.06726024683917943,0.0,0
0.5421148900980919,1.0,3
0.166930655302071,0.0,0
0.3125025751898585,0.0,1
0.5754859263203815,1.0,3
0.42508896579516403,0.0,2
0.6034669008975112,0.0,3
0.1644219334624456,0.0,0
0.2086997984846618,1.0,1
0.48071818860732274,0.0,3
0.25076845023001687,0.0,1
0.13701348082005577,0.0,0
0.6245064211462499,0.0,3
0.19181205542314084,0.0,1
0.2992083215716564,0.0,1
0.26848915928564887,0.0,1
0.3144923311622377,0.0,1
0.16635921230399522,0.0,0
0.03517978079936163,0.0,0
0.3458810311827689,0.0,2
0.3484719423435887,0.0,2
0.08214105244379034,0.0,0
0.21571526754008652,0.0,1
0.08269297157896618,0.0,0
0.4167176195864318,0.0,2
0.08798265186203791,1.0,0
0.3530655050389947,0.0,2
0.38241656334813184,1.0,2
0.2537913909739236,0.0,1
0.6066784600310963,0.0,3
0.019293773873010477,0.0,0
0.4187109793560707,1.0,2
0.3403779918999732,0.0,2
0.4848744923943458,1.0,3
0.6146509543014494,1.0,3
0.28244542696617414,1.0,1
0.23873026417379783,0.0,1
0.5366935287842728,1.0,3
0.16882476789617254,1.0,0
0.421936365707615,0.0,2
0.32649520209421795,0.0,2
0.5665498107719812,0.0,3
0.0714647231169887,0.0,0
0.061517378481216155,0.0,0
0.2076698374564722,0.0,1
0.27820649078075316,0.0,1
0.38762730112288585,1.0,2
0.13732166561977882,0.0,0
0.04255493968319861,0.0,0
0.7027228461514909,1.0,3
0.20317663544645967,0.0,1
0.46368862189199295,0.0,3
0.12020468764069948,0.0,0
0.22828599728377968,0.0,1
0.08954028761679939,0.0,0
0.6489173234820785,0.0,3
0.18626639539481818,0.0,0
0.06984079086096595,0.0,0
0.5452485679678547,1.0,3
0.20766620943513778,0.0,1
0.5846635252330284,1.0,3
0.3427464554989851,1.0,2
0.28745988068587547,1.0,1
0.42033422198834225,0.0,2
0.15739539363225663,0.0,0
0.1947627208764054,0.0,1
0.3006972383626088,0.0,1
0.41727790375865326,0.0,2
0.27909865689419444,0.0,1
0.044377672256745285,0.0,0
0.3086928661865369,1.0,1
0.21988137682584608,0.0,1
0.2779642391875149,0.0,1
0.24802811702810665,0.0,1
0.2439313657508924,0.0,1
0.28669068665997793,0.0,1
0.45677590314148764,1.0,3
0.11575628162141428,0.0,0
0.21332273652689307,0.0,1
0.10900919371050445,0.0,0
0.20700143984835262,0.0,1
0.27856890114410343,0.0,1
0.1169248202694525,0.0,0
0.31549142985616624,0.0,2
0.3162212044643837,1.0,2
0.13422725697303833,0.0,0
0.22304193248192541,0.0,1
0.043855712182668656,0.0,0
0.1366266134402893,0.0,0
0.1935168773138802,0.0,1
0.1753686069103065,0.0,0
0.05910023636451087,0.0,0
0.10248072450369504,0.0,0
0.22215603808345902,0.0,1
0.5000285008772033,0.0,3
0.4009126906691318,0.0,2
0.2714066205793128,1.0,1
0.36171810344678385,0.0,2
0.525270632394125,1.0,3
0.09372930398294126,0.0,0
0.5416592873103925,0.0,3
0.37596276335834095,0.0,2
0.4574049041565562,1.0,3
0.10113053816123027,0.0,0
0.1982753755768706,0.0,1
0.4417852325659172,0.0,2
0.2546060207547748,0.0,1
0.23121024686283925,0.0,1
0.5268198911496275,0.0,3
0.23330830747946868,0.0,1
0.31115695134245586,1.0,1
0.524666091044456,1.0,3
0.559748196328072,1.0,3
0.13000533513897383,0.0,0
0.2266906582078569,0.0,1
0.39422686523611117,0.0,2
0.5965756479476296,1.0,3
0.1326139166973097,0.0,0
0.40259383540597493,1.0,2
0.23855608755377553,0.0,1
0.5207941326840836,0.0,3
0.14495928591700527,0.0,0
0.5300851166238831,0.0,3
0.3911389771858987,0.0,2
0.21296874618134354,0.0,1
0.06885748190542336,0.0,0
0.3495093655024614,1.0,2
0.2538970213381382,0.0,1
0.049966501551172604,0.0,0
0.5390471040258038,0.0,3
0.2180087472010178,0.0,1
0.5118208698936791,1.0,3
0.36383550059999703,0.0,2
0.5445112071782316,0.0,3
0.021424560859513445,0.0,0
0.30393615862501594,0.0,1
0.6520465348706161,0.0,3
0.14106139002088292,0.0,0
0.2987765014304245,0.0,1
0.09442851918802522,0.0,0
0.6359035595895273,1.0,3
0.21821606088093304,0.0,1
0.31548241620622397,1.0,2
0.2607079261211888,1.0,1
0.4224273898295277,0.0,2
0.17082926524558278,0.0,0
0.2565863199801682,0.0,1
0.2651574433650202,0.0,1
0.06069065270309632,0.0,0
0.03981419539660806,0.0,0
0.3354249355384948,0.0,2
0.04610898882254193,0.0,0
0.22876947246039814,0.0,1
0.12774179627077423,0.0,0
0.2880155464028137,0.0,1
0.41482868396751027,0.0,2
0.412519320532224,0.0,2
0.32382135747885105,0.0,2
0.31353705931765424,0.0,1
0.4400307639755862,1.0,2
0.3212658186958191,0.0,2
0.18063380661030148,0.0,0
0.04570184569445863,0.0,0
0.48569234685371127,1.0,3
0.6518362739185918,1.0,3
0.19314955151795596,0.0,1
0.20605113739292036,0.0,1
0.04119536324293344,0.0,0
0.2056788360416841,0.0,1
0.25109787232048447,1.0,1
0.13708514515114265,0.0,0
0.1302740052424783,0.0,0
0.27226555093312327,1.0,1
0.24611140006925436,0.0,1
0.1412021092298885,0.0,0
0.4861145992171175,0.0,3
0.014780399990921697,0.0,0
0.4539745004458399,1.0,3
0.14232334105250088,0.0,0
0.24148516808347148,0.0,1
0.33406224991965594,1.0,2
0.2810880917112684,0.0,1
0.2061293731635253,0.0,1
0.18514483032691872,0.0,0
0.24593288911295919,0.0,1
0.4382524363063503,1.0,2
0.3490695177338801,0.0,2
0.11797091530700014,0.0,0
0.5547513375151625,0.0,3
0.07677377226121533,1.0,0
0.4839746396768906,0.0,3
0.36769343785541203,1.0,2
0.08133912099374865,0.0,0
0.45553429315943345,0.0,3
0.3740042746314323,0.0,2
0.34039059318099796,0.0,2
0.1467751624799286,0.0,0
0.26731000106425495,0.0,1
0.16045474274024674,0.0,0
0.30505491860505535,0.0,1
0.10389755243693713,0.0,0
0.5856177790771253,0.0,3
0.28277292831949336,1.0,1
0.21349160042160203,0.0,1
0.3559589768372399,0.0,2
0.5734595733853664,1.0,3
0.1639735907199302,0.0,0
0.41380820189462775,1.0,2
0.2933154218576188,0.0,1
0.24207956740808184,0.0,1
0.027126752195815736,0.0,0
0.3306799193500325,0.0,2
0.40271808547001314,0.0,2
0.49027942323195844,1.0,3
0.4097408355054224,1.0,2
0.23165967049274275,1.0,1
0.13816533619505017,1.0,0
0.031426297406720205,0.0,0
0.42131836858830984,0.0,2
0.33242093563212066,1.0,2
0.26139806288100587,0.0,1
0.13597794871736024,0.0,0
0.05855693160632409,0.0,0
0.6014318584295841,1.0,3
0.542582950337692,1.0,3
0.6298113016787912,1.0,3
0.5844102972718348,1.0,3
0.2623930633446406,0.0,1
0.13723390477446187,0.0,0
0.21205340635920894,0.0,1
0.14378316666901567,0.0,0
0.16497031625303862,0.0,0
0.35072344799765787,0.0,2
0.1236767140023194,0.0,0
0.3001301290644164,0.0,1
0.08817666749276759,0.0,0
0.2813573235923288,1.0,1
0.2627604540410931,1.0,1
0.5717220352780182,1.0,3
0.09787928660380361,0.0,0
0.18090841061389792,0.0,0
0.19189297244548909,0.0,1
0.4378854504808222,0.0,2
0.27657048229760856,0.0,1
0.3600801505110385,0.0,2
0.29820374710933634,0.0,1
0.11032125402614003,0.0,0
0.1518890752929192,1.0,0
0.390328238498523,0.0,2
0.33110688613123673,0.0,2
0.2008776114080248,0.0,1
0.04897961730116127,0.0,0
0.12330677773666152,0.0,0
0.3349205797884951,0.0,2
0.1397202806821597,0.0,0
0.5791007161606667,0.0,3
0.7419448036885942,1.0,3
0.229838746712316,0.0,1
0.4154026027994106,1.0,2
0.3325062048861093,0.0,2
0.426517797894386,0.0,2
0.6609010846342681,1.0,3
0.2930990674380786,0.0,1
0.013338125594690553,0.0,0
0.33712256543589203,0.0,2
0.5170278545537692,1.0,3
0.057227944692269175,0.0,0
0.6068938944826024,1.0,3
0.6435601389477845,1.0,3
0.44023672812312487,0.0,2
0.07909472550479474,0.0,0
0.26411880581258146,1.0,1
0.1450596760975019,0.0,0
0.34464245759930123,1.0,2
0.12057825936537216,0.0,0
0.5177780423520806,0.0,3
0.2290506178869762,0.0,1
0.21150460958675008,1.0,1
0.19627872082327022,0.0,1
0.18236175387586814,0.0,0
0.2522517475269617,0.0,1
0.04065240918944571,0.0,0
0.3578187963663263,0.0,2
0.15550326169247852,1.0,0
0.4235698184514463,1.0,2
0.44685219369483503,1.0,2
0.4449458737235301,0.0,2
0.3495493880605239,1.0,2
0.3159843982220047,0.0,2
0.49764687439639277,1.0,3
0.35301906041150677,0.0,2
0.348523207774895,1.0,2
0.39836736091044056,1.0,2
0.5924717736409679,1.0,3
0.6535663036221161,1.0,3
0.06796828775507222,0.0,0
0.44717098881103223,0.0,2
0.11589173380314252,1.0,0
0.28143334907335055,0.0,1
0.11956740938013885,0.0,0
0.19888562321116215,1.0,1
0.07044139226118197,0.0,0
0.4551597928900048,0.0,3
0.379625712051158,1.0,2
0.6618131445009781,1.0,3
0.44064618606645983,1.0,2
0.06948792611562547,0.0,0
0.5095985612755747,0.0,3
0.1493362462553793,0.0,0
0.314720980619649,0.0,1
0.10387418789996018,0.0,0
0.5929483893002673,0.0,3
0.14932316516690733,0.0,0
0.17296957661999926,0.0,0
0.5397535652724146,0.0,3
0.20638116668271503,0.0,1
0.5549298642100525,1.0,3
0.26469616515204925,0.0,1
0.20752197434122818,0.0,1
0.053680119741308374,0.0,0
0.44520273384232933,0.0,2
0.6184913264668911,1.0,3
0.3079636847431777,0.0,1
0.6201983383691245,1.0,3
0.15909065280331444,1.0,0
0.3646050375441866,0.0,2
0.1976561346945491,0.0,1
0.5660612912767989,1.0,3
0.2127014778705359,0.0,1
0.3177348235421192,1.0,2
0.45414648296824117,1.0,3
0.545266438474012,1.0,3
0.6096707303826775,1.0,3
0.0540647978366633,0.0,0
0.45879491919932563,0.0,3
0.2797013575382582,0.0,1
0.3072771084580013,0.0,1
0.32623161549080326,0.0,2
0.10722526643173298,0.0,0
0.3770639818680073,0.0,2
0.16405303958143092,0.0,0
0.09330735258658554,0.0,0
0.42918851852003115,1.0,2
0.4391404412077546,0.0,2
0.4907174735759635,0.0,3
0.23375009773159186,0.0,1
0.5873590601705874,0.0,3
0.27353861055878254,1.0,1
0.5338089235523403,1.0,3
0.4977652419867526,1.0,3
0.19639232316728122,0.0,1
0.20698281621196843,0.0,1
0.3092807852183382,1.0,1
0.6464823574417933,1.0,3
0.2201679526464557,0.0,1
0.3283080109753143,1.0,2
0.33252998755671026,0.0,2
0.21432489810933478,0.0,1
0.572961885670593,0.0,3
0.20519381117795477,0.0,1
0.3413790661984561,1.0,2
0.36965400535978404,0.0,2
0.44574191783478245,1.0,2
0.3298240899255619,0.0,2
0.1697069302969916,1.0,0
0.5634015339795546,0.0,3
0.010196305733309296,0.0,0
0.24975737013497698,0.0,1
0.28196937401071487,1.0,1
0.40258254268631727,0.0,2
0.19538293948857569,0.0,1
0.39933212326921586,1.0,2
0.32099579652469723,0.0,2
0.39945070041779657,1.0,2
0.4488438519283061,0.0,2
0.37861394276732835,0.0,2
0.4650848299745363,1.0,3
0.34548953893602097,0.0,2
0.164556678652816,0.0,0
0.1366464192248491,1.0,0
0.36716886306510804,0.0,2
0.1466526371833348,0.0,0
0.03959656491633954,0.0,0
0.5967975038025918,0.0,3
0.6429565418317447,1.0,3
0.14532007470929792,0.0,0
0.2151998557400064,0.0,1
0.16813499932082843,1.0,0
0.35865151241403903,0.0,2
0.16118621192947327,1.0,0
0.1980749629322979,0.0,1
0.42307013488049805,1.0,2
0.10168847227389954,0.0,0
0.3039864056944973,1.0,1
0.0932043709013969,1.0,0
0.13766859448242402,0.0,0
0.08085886008776844,0.0,0
0.2637039916695148,0.0,1
0.2999989955419524,0.0,1
0.02798350076654308,0.0,0
0.2504144814476039,0.0,1
0.07901370765622755,0.0,0
0.6539070556854912,1.0,3
0.4509939487709603,1.0,2
0.3320008315966244,0.0,2
0.46022285720393047,1.0,3
0.22138573813787707,0.0,1
0.41973697615822614,1.0,2
0.1423201089770203,1.0,0
0.2562395342290904,0.0,1
0.12757284673255387,0.0,0
0.753457172358904,0.0,3
0.03826143912083909,0.0,0
0.08385604092061551,1.0,0
0.1472667855195153,1.0,0
0.5223169476065463,1.0,3
0.24067820649124144,0.0,1
0.16309698194543631,0.0,0
0.39366537538113805,0.0,2
0.7313887034077508,1.0,3
0.19802573757255126,0.0,1
0.42426472247948044,1.0,2
0.45313610974004515,0.0,2
0.16137387275917656,0.0,0
0.08403141133803967,0.0,0
0.17318531122180753,0.0,0
0.3488472438861067,0.0,2
0.26933320198233174,0.0,1
0.2190969919273949,0.0,1
0.13844417239497292,0.0,0
0.14654278243889482,0.0,0
0.3410801952659176,0.0,2
0.22662661650385416,0.0,1
0.248131863936149,1.0,1
0.011288886856373222,0.0,0
0.1796304257336534,0.0,0
0.5184896742641242,1.0,3
0.49392221609647996,1.0,3
0.46787091326335545,0.0,3
0.4445010010555506,0.0,2
0.2792707649792415,0.0,1
0.459735829054941,1.0,3
0.1676482459134817,0.0,0
0.49029515395421974,0.0,3
0.1905332437639825,1.0,1
0.42833865643320157,0.0,2
0.38421558326519695,1.0,2
0.2470388269276336,0.0,1
0.027577931345271547,0.0,0
0.5703076004290429,0.0,3
0.36290162650219815,1.0,2
0.27197951974525986,1.0,1
0.32062222572817095,0.0,2
0.06848935279224207,0.0,0
0.1451965604342744,0.0,0
0.48906939996118465,0.0,3
0.5707999278834134,1.0,3
0.1221118822977808,0.0,0
0.31990659288970436,1.0,2
0.2864796801727,0.0,1
0.4254476061773757,0.0,2
0.211067729489257,0.0,1
0.41158605271605975,0.0,2
0.4491558671991043,1.0,2
0.26793124519078654,1.0,1
0.41766802910529877,0.0,2
0.150108946801192,0.0,0
0.47182917581289624,1.0,3
0.08879666648103435,0.0,0
0.4678561070838936,0.0,3
0.4688915625596437,1.0,3
0.34844406917218707,0.0,2
0.264080582240048,0.0,1
0.1839016666596838,0.0,0
0.41065611985185674,0.0,2
0.059614022899604026,0.0,0
0.18162748643710225,0.0,0
0.37457060797482544,0.0,2
0.1913520229422708,0.0,1
0.21214506472215292,0.0,1
0.2939671196096951,0.0,1
0.27749119186196053,0.0,1
0.08585787626857316,0.0,0
0.23368255004054264,1.0,1
0.33192020930403915,1.0,2
0.4309775708003919,1.0,2
0.5405277045945869,0.0,3
0.36248858833460823,0.0,2
0.03054343973064911,0.0,0
0.681042092567164,1.0,3
0.37589840268091435,0.0,2
0.21200515932702618,0.0,1
0.23840619499328705,0.0,1
0.34563722106028966,0.0,2
0.13651635783174879,0.0,0
0.12164616902923703,0.0,0
0.26009056477661086,1.0,1
0.6852982278784152,1.0,3
0.4036573143827592,0.0,2
0.12586831298425438,0.0,0
0.01366579653308466,0.0,0
0.11703296646827728,0.0,0
0.3327911607805335,1.0,2
0.20757618311556142,0.0,1
0.45945073513635587,0.0,3
0.14149213049644796,0.0,0
0.25408657673001384,0.0,1
0.5067721582223921,1.0,3
0.13770392341978277,0.0,0
0.179715216973904,0.0,0
0.2464218506051932,0.0,1
0.31662133738986803,1.0,2
0.263497431819295,0.0,1
0.062310940745533644,0.0,0
0.13432106246488335,0.0,0
0.2198364844037171,0.0,1
0.20664981346717362,0.0,1
0.48814650018623307,0.0,3
0.5758705082513509,0.0,3
0.5098772553009548,1.0,3
0.12310986037732494,0.0,0
0.5340564936477953,1.0,3
0.30002336426508447,0.0,1
0.20303599789428606,0.0,1
0.2610230477770125,1.0,1
0.34914959384447847,0.0,2
0.544808127323102,0.0,3
0.4105295472785979,1.0,2
0.026592238491727645,0.0,0
0.5846196094727675,1.0,3
0.048186078783462406,0.0,0
0.3619976181916694,0.0,2
0.44452164760997975,0.0,2
0.41585471518936307,0.0,2
0.08841067401107656,0.0,0
0.47156252336881577,1.0,3
0.33683060364941414,0.0,2
0.19457492804201545,0.0,1
0.15088005388344686,0.0,0
0.3404639347063897,0.0,2
0.35872160015474136,0.0,2
0.08514646798266187,0.0,0
0.3699980733267337,1.0,2
0.44797171299013,0.0,2
0.07670930483966332,1.0,0
0.41681985710402475,1.0,2
0.46417205144638596,1.0,3
0.19897428617710292,1.0,1
0.639928882421978,1.0,3
0.15478843739264395,1.0,0
0.20594769325472548,0.0,1
0.15573245088813878,0.0,0
0.5888845644749964,0.0,3
0.23380701751390207,0.0,1
0.21327022865368866,0.0,1
0.12861869744422982,0.0,0
0.5364299550377335,1.0,3
0.15720208835782998,0.0,0
0.17273218119277434,0.0,0
0.03891429203810689,0.0,0
0.16272404737435256,0.0,0
0.08364830380448468,0.0,0
0.25455112086946324,1.0,1
0.4015869776065282,1.0,2
0.18866569044671833,1.0,1
0.20766741435570296,0.0,1
0.10810147948426987,0.0,0
0.5902607848461704,1.0,3
0.5259796292366464,1.0,3
0.41088934497948276,0.0,2
0.3922349105705297,1.0,2
0.11129403700392516,1.0,0
0.3473639010928386,1.0,2
0.32958582242614637,0.0,2
0.35988043290814703,0.0,2
0.033883747183487925,0.0,0
0.16277630859638342,1.0,0
0.10633735220011342,0.0,0
0.15514878502076812,0.0,0
0.19275398322617518,0.0,1
0.2800948577628053,0.0,1
0.35146957058792777,0.0,2
0.5224220920136249,0.0,3
0.13641262291991726,0.0,0
0.40461626590677485,0.0,2
0.2716328618851711,0.0,1
0.04735502183409085,0.0,0
0.2953528753343766,0.0,1
0.501248339082625,0.0,3
0.4858502070448036,0.0,3
0.21971353137155483,1.0,1
0.25375045340022895,0.0,1
0.3985891943176731,0.0,2
0.3642702929704493,1.0,2
0.3043079001079424,0.0,1
0.18833112950100692,0.0,1
0.4520658278042114,0.0,2
0.1808939135249467,0.0,0
0.44398219961401614,1.0,2
0.11152235305439816,0.0,0
0.3755998873241692,0.0,2
0.10669662286658413,0.0,0
0.42801124954811975,0.0,2
0.5276909753362007,1.0,3
0.27350652432077155,0.0,1
0.3682565543636485,0.0,2
0.5020573965730817,1.0,3
0.47329916456668497,0.0,3
0.15549752140302814,0.0,0
0.22332391866798174,1.0,1
0.5626481648234721,1.0,3
0.2609172476263037,0.0,1
0.36539673233562386,0.0,2
0.200105295485411,0.0,1
0.2790882966522514,0.0,1
0.5845293062890545,1.0,3
0.21867159288245783,0.0,1
0.2737280175593227,0.0,1
0.23557197297001925,0.0,1
0.44874729582574296,1.0,2
0.3416095459898453,0.0,2
0.18853630084764772,0.0,1
0.0697274072743297,1.0,0
0.28700376979694314,0.0,1
0.4231623401429899,0.0,2
0.25444631134523715,0.0,1
0.3667331463052714,0.0,2
0.2709725560304517,0.0,1
0.4014667875987283,0.0,2
0.4634281692866867,1.0,3
0.05329464507829071,0.0,0
0.2216669158299189,0.0,1
0.22661367700726837,0.0,1
0.2584065917858716,1.0,1
0.13908263683369385,0.0,0
0.3297479813202082,0.0,2
0.17004366347810917,0.0,0
0.2847728657807562,0.0,1
0.24980065812412877,0.0,1
0.11596206812035247,0.0,0
0.2073025882078416,0.0,1
0.39991775561691667,0.0,2
0.17935977336697176,1.0,0
0.34275347901563313,0.0,2
0.27822147794923524,0.0,1
0.05235015124256764,0.0,0
0.0621503949558326,0.0,0
0.11391237660606987,0.0,0
0.10229515449266618,1.0,0
0.7352244450116939,1.0,3
